{"france": {"P1": {"a": [-0.5, -0.5, -0.5, -1.5, -1.0, -0.8333333333333334, -0.75, -0.7, -0.6666666666666666, -0.6428571428571429, -0.625, -0.6111111111111112, -0.6, -0.5, -7.0, -3.75, -2.6666666666666665, -2.125, -1.8, -1.5833333333333333, -1.4285714285714286, -1.3125, -1.2222222222222223, -1.15], "b": [0.0, 0.0, 0.0, 0.0, 0.0, 0.0, 0.0, 0.0, 0.0, 0.0, 0.0, 0.0, 0.0, 0.0, 0.0, 0.0, 0.0, 0.0, 0.0, 0.0, 0.0, 0.0, 0.0, 0.0], "c": [0, 0, 0, 0, 0, 0, 0, 0, 0, 0, 0, 0, 0, 0, 0, 0, 0, 0, 0, 0, 0, 0, 0, 0], "d": [0, 0, 0, 0, 0, 0, 0, 0, 0, 0, 0, 0, 0, 0, 0, 0, 0, 0, 0, 0, 0, 0, 0, 0], "RefWeek": [0, 0, 2, 2, 2, 2, 2, 2, 2, 2, 2, 2, 2, 13, 13, 13, 13, 13, 13, 13, 13, 13, 13, 13], "ModelType": ["I2", "I2", "I2", "I2", "I2", "I2", "I2", "I2", "I2", "I2", "I2", "I2", "I2", "I2", "I2", "I2", "I2", "I2", "I2", "I2", "I2", "I2", "I2", "I2"]}}}