{"france": {"P1": {"a": [-0.1, -0.1, -0.15000000000000002, -0.15000000000000002, -0.15000000000000002, -0.15000000000000002, -0.15000000000000002, -0.15000000000000002, -0.15000000000000002, -0.15000000000000002, -0.15000000000000002, -0.15000000000000002, -0.15000000000000002, -0.11, -0.11, -0.11, -0.11, -0.11, -0.11, -0.11, -0.11, -0.11, -0.11, -0.11], "b": [0.0, 0.0, -0.04, -0.04, -0.04, -0.04, -0.04, -0.04, -0.04, -0.04, -0.04, -0.04, -0.04, -0.0075, -0.0075, -0.0075, -0.0075, -0.0075, -0.0075, -0.0075, -0.0075, -0.0075, -0.0075, -0.0075], "c": [0, 0, 0, 0, 0, 0, 0, 0, 0, 0, 0, 0, 0, 0, 0, 0, 0, 0, 0, 0, 0, 0, 0, 0], "d": [0, 0, 0, 0, 0, 0, 0, 0, 0, 0, 0, 0, 0, 0, 0, 0, 0, 0, 0, 0, 0, 0, 0, 0], "RefWeek": [0, 0, 2, 2, 2, 2, 2, 2, 2, 2, 2, 2, 2, 13, 13, 13, 13, 13, 13, 13, 13, 13, 13, 13], "ModelType": ["I1", "I1", "I1", "I1", "I1", "I1", "I1", "I1", "I1", "I1", "I1", "I1", "I1", "I1", "I1", "I1", "I1", "I1", "I1", "I1", "I1", "I1", "I1", "I1"]}}}