{"P1": {"a": [0, 0, 0, 0, 0, 0, 0, 0, 0, 0, 0, 0, 0, 0, 0, 0, 0, 0, 0, 0, 0, 0, 0, 0], "b": [0, 0, 0, 0, 0, 0, 0, 0, 0, 0, 0, 0, 0, 0, 0, 0, 0, 0, 0, 0, 0, 0, 0, 0], "c": [0.0, 0.0, 0.065, 0.065, 0.065, 0.065, 0.065, 0.065, 0.065, 0.065, 0.065, 0.065, 0.065, 0.0325, 0.0325, 0.0325, 0.0325, 0.0325, 0.0325, 0.0325, 0.0325, 0.0325, 0.0325, 0.0325], "d": [0.0, 0.050000000000000044, 0.1840000000000001, 0.23400000000000015, 0.2840000000000002, 0.33400000000000024, 0.3840000000000003, 0.43400000000000033, 0.4840000000000004, 0.5340000000000004, 0.5840000000000004, 0.6340000000000005, 0.6840000000000005, 0.6920000000000006, 0.7420000000000007, 0.7920000000000007, 0.8420000000000007, 0.8920000000000008, 0.9420000000000008, 0.9920000000000009, 1.042000000000001, 1.092000000000001, 1.142000000000001, 1.192000000000001], "RefWeek": [0, 0, 2, 2, 2, 2, 2, 2, 2, 2, 2, 2, 2, 13, 13, 13, 13, 13, 13, 13, 13, 13, 13, 13], "ModelType": ["I1", "I1", "I1", "I1", "I1", "I1", "I1", "I1", "I1", "I1", "I1", "I1", "I1", "I1", "I1", "I1", "I1", "I1", "I1", "I1", "I1", "I1", "I1", "I1"]}}