{"P1": {"a": [0, 0, 0, 0, 0, 0, 0, 0, 0, 0, 0, 0, 0, 0, 0, 0, 0, 0, 0, 0, 0, 0, 0, 0], "b": [0, 0, 0, 0, 0, 0, 0, 0, 0, 0, 0, 0, 0, 0, 0, 0, 0, 0, 0, 0, 0, 0, 0, 0], "c": [0.0, 0.0, 0.65, 0.65, 0.65, 0.65, 0.65, 0.65, 0.65, 0.65, 0.65, 0.65, 0.65, 0.325, 0.325, 0.325, 0.325, 0.325, 0.325, 0.325, 0.325, 0.325, 0.325, 0.325], "d": [0.10000000000000009, 0.10000000000000009, 0.9800000000000002, 1.1800000000000004, 1.0800000000000003, 1.0466666666666669, 1.0300000000000002, 1.0200000000000002, 1.0133333333333336, 1.008571428571429, 1.0050000000000003, 1.0022222222222226, 1.0000000000000002, 0.5400000000000001, 1.8400000000000012, 1.1900000000000008, 0.9733333333333338, 0.8650000000000004, 0.8000000000000004, 0.756666666666667, 0.725714285714286, 0.7025000000000003, 0.6844444444444447, 0.6700000000000003], "RefWeek": [0, 0, 2, 2, 2, 2, 2, 2, 2, 2, 2, 2, 2, 13, 13, 13, 13, 13, 13, 13, 13, 13, 13, 13], "ModelType": ["I2", "I2", "I2", "I2", "I2", "I2", "I2", "I2", "I2", "I2", "I2", "I2", "I2", "I2", "I2", "I2", "I2", "I2", "I2", "I2", "I2", "I2", "I2", "I2"]}}