{"P1": {"a": [-0.5, -0.5, -0.5, -1.5, -1.0, -0.8333333333333334, -0.75, -0.7, -0.6666666666666666, -0.6428571428571429, -0.625, -0.6111111111111112, -0.6, -0.5, -7.0, -3.75, -2.6666666666666665, -2.125, -1.8, -1.5833333333333333, -1.4285714285714286, -1.3125, -1.2222222222222223, -1.15], "b": [0.0, 0.0, 0.0, 0.0, 0.0, 0.0, 0.0, 0.0, 0.0, 0.0, 0.0, 0.0, 0.0, 0.0, 0.0, 0.0, 0.0, 0.0, 0.0, 0.0, 0.0, 0.0, 0.0, 0.0], "c": [0.0, 0.0, 0.375, 0.375, 0.375, 0.375, 0.375, 0.375, 0.375, 0.375, 0.375, 0.375, 0.375, 0.037500000000000006, 0.037500000000000006, 0.037500000000000006, 0.037500000000000006, 0.037500000000000006, 0.037500000000000006, 0.037500000000000006, 0.037500000000000006, 0.037500000000000006, 0.037500000000000006, 0.037500000000000006], "d": [0.10000000000000009, 0.10000000000000009, 0.6500000000000001, 0.8500000000000003, 0.7500000000000002, 0.7166666666666669, 0.7000000000000002, 0.6900000000000002, 0.6833333333333335, 0.6785714285714287, 0.6750000000000002, 0.6722222222222224, 0.6700000000000002, 0.15500000000000008, 1.4550000000000012, 0.8050000000000007, 0.5883333333333338, 0.48000000000000037, 0.4150000000000003, 0.3716666666666669, 0.34071428571428597, 0.3175000000000002, 0.2994444444444447, 0.2850000000000002], "RefWeek": [0, 0, 2, 2, 2, 2, 2, 2, 2, 2, 2, 2, 2, 13, 13, 13, 13, 13, 13, 13, 13, 13, 13, 13], "ModelType": ["I1", "I1", "I1", "I1", "I1", "I1", "I1", "I1", "I1", "I1", "I1", "I1", "I1", "I1", "I1", "I1", "I1", "I1", "I1", "I1", "I1", "I1", "I1", "I1"]}}